Nombre;Categoria;Sueldo bas;adicional;Presentismo;Total 
Garcia, Claudia;Maestranza;20719;2237.652;1916.880442;24873.532442000003
Moyano, Javier;Administrativo;21013;1765.092;1901.970682;24680.062682
Perez, Raul;Cajero;21111;2786.652;1995.4539419999999;25893.105942000002
Echavarri, Pablo;Personal Auxiliar;21111;1773.324;1910.8410539999998;24795.165054
Daniotti, Carolina;Auxiliar Especializado;21347;2305.476;1974.9817459999997;25627.457746
Gonzalez, Franco;Vendedor;21111;1266.6599999999999;1868.5346099999997;24246.19461
Migotti, Esteban;Maestranza;20719;2734.908;1958.4013179999997;25412.309318
Gomez, Federico;Administrativo;21013;1765.092;1901.970682;24680.062682
